{"loss":{"0":0.3700937331,"1":0.3437733054,"2":0.3220708966,"3":0.3133475482,"4":0.305893749,"5":0.3007307053,"6":0.3017870188,"7":0.3052789867},"accuracy":{"0":0.8409423232,"1":0.8514049649,"2":0.8609787822,"3":0.865075171,"4":0.8689460754,"5":0.8714277148,"6":0.8710404634,"7":0.8693021536},"val_loss":{"0":0.1908700168,"1":0.1613910049,"2":0.1917724162,"3":0.1798207611,"4":0.1806388944,"5":0.1779331267,"6":0.1999714971,"7":0.1727362871},"val_accuracy":{"0":0.9456666708,"1":0.9456666708,"2":0.9383333325,"3":0.9413333535,"4":0.9449999928,"5":0.9369999766,"6":0.9276666641,"7":0.9443333149}}