{"loss":{"0":0.2985211015,"1":0.2931325138,"2":0.2987607718,"3":0.2921527624,"4":0.2882032692,"5":0.2852559686,"6":0.2830131352,"7":0.2811528444,"8":0.2795944214,"9":0.278255254},"accuracy":{"0":0.8727779984,"1":0.8753977418,"2":0.8729363084,"3":0.8759252429,"4":0.8777680993,"5":0.8791098595,"6":0.8801802397,"7":0.8810430765,"8":0.8816221952,"9":0.8822985291},"val_loss":{"0":0.1801570058,"1":0.1607934237,"2":0.165142715,"3":0.1565478742,"4":0.1691923887,"5":0.1705411822,"6":0.1624411643,"7":0.1481948495,"8":0.1500793844,"9":0.1647481322},"val_accuracy":{"0":0.9350000024,"1":0.951333344,"2":0.9456666708,"3":0.9476666451,"4":0.9406666756,"5":0.94599998,"6":0.9476666451,"7":0.9516666532,"8":0.9503333569,"9":0.9456666708}}