{"loss":{"0":0.4058238268},"accuracy":{"0":0.829300642},"val_loss":{"0":0.224520728},"val_accuracy":{"0":0.9363333583}}